name,path,preprocessed_path,class,height,width
3133502.jpg,dataset/10/3133502.jpg,preprocessed_dataset/10/3133502.npy,10,512,512
3133510.jpg,dataset/10/3133510.jpg,preprocessed_dataset/10/3133510.npy,10,512,512
3133512.jpg,dataset/10/3133512.jpg,preprocessed_dataset/10/3133512.npy,10,512,512
3133525.jpg,dataset/10/3133525.jpg,preprocessed_dataset/10/3133525.npy,10,512,512
3133514.jpg,dataset/10/3133514.jpg,preprocessed_dataset/10/3133514.npy,10,512,512
3133504.jpg,dataset/10/3133504.jpg,preprocessed_dataset/10/3133504.npy,10,512,512
3133506.jpg,dataset/10/3133506.jpg,preprocessed_dataset/10/3133506.npy,10,512,512
3133515.jpg,dataset/10/3133515.jpg,preprocessed_dataset/10/3133515.npy,10,512,512
3133508.jpg,dataset/10/3133508.jpg,preprocessed_dataset/10/3133508.npy,10,512,512
3133519.jpg,dataset/10/3133519.jpg,preprocessed_dataset/10/3133519.npy,10,512,512
3133524.jpg,dataset/10/3133524.jpg,preprocessed_dataset/10/3133524.npy,10,512,512
3133523.jpg,dataset/10/3133523.jpg,preprocessed_dataset/10/3133523.npy,10,512,512
3133517.jpg,dataset/10/3133517.jpg,preprocessed_dataset/10/3133517.npy,10,512,512
3133522.jpg,dataset/10/3133522.jpg,preprocessed_dataset/10/3133522.npy,10,512,512
3133520.jpg,dataset/10/3133520.jpg,preprocessed_dataset/10/3133520.npy,10,512,512
3133518.jpg,dataset/10/3133518.jpg,preprocessed_dataset/10/3133518.npy,10,512,512
3133505.jpg,dataset/10/3133505.jpg,preprocessed_dataset/10/3133505.npy,10,512,512
3133507.jpg,dataset/10/3133507.jpg,preprocessed_dataset/10/3133507.npy,10,512,512
3133513.jpg,dataset/10/3133513.jpg,preprocessed_dataset/10/3133513.npy,10,512,512
3133516.jpg,dataset/10/3133516.jpg,preprocessed_dataset/10/3133516.npy,10,512,512
3133511.jpg,dataset/10/3133511.jpg,preprocessed_dataset/10/3133511.npy,10,512,512
3133521.jpg,dataset/10/3133521.jpg,preprocessed_dataset/10/3133521.npy,10,512,512
3133509.jpg,dataset/10/3133509.jpg,preprocessed_dataset/10/3133509.npy,10,512,512
3133503.jpg,dataset/10/3133503.jpg,preprocessed_dataset/10/3133503.npy,10,512,512
3133751.jpg,dataset/17/3133751.jpg,preprocessed_dataset/17/3133751.npy,17,512,512
3133746.jpg,dataset/17/3133746.jpg,preprocessed_dataset/17/3133746.npy,17,512,512
3133749.jpg,dataset/17/3133749.jpg,preprocessed_dataset/17/3133749.npy,17,512,512
3133764.jpg,dataset/17/3133764.jpg,preprocessed_dataset/17/3133764.npy,17,512,512
3133766.jpg,dataset/17/3133766.jpg,preprocessed_dataset/17/3133766.npy,17,512,512
3133767.jpg,dataset/17/3133767.jpg,preprocessed_dataset/17/3133767.npy,17,512,512
3133743.jpg,dataset/17/3133743.jpg,preprocessed_dataset/17/3133743.npy,17,512,512
3133744.jpg,dataset/17/3133744.jpg,preprocessed_dataset/17/3133744.npy,17,512,512
3133760.jpg,dataset/17/3133760.jpg,preprocessed_dataset/17/3133760.npy,17,512,512
3133748.jpg,dataset/17/3133748.jpg,preprocessed_dataset/17/3133748.npy,17,512,512
3133754.jpg,dataset/17/3133754.jpg,preprocessed_dataset/17/3133754.npy,17,512,512
3133750.jpg,dataset/17/3133750.jpg,preprocessed_dataset/17/3133750.npy,17,512,512
3133762.jpg,dataset/17/3133762.jpg,preprocessed_dataset/17/3133762.npy,17,512,512
3133757.jpg,dataset/17/3133757.jpg,preprocessed_dataset/17/3133757.npy,17,512,512
3133759.jpg,dataset/17/3133759.jpg,preprocessed_dataset/17/3133759.npy,17,512,512
3133739.jpg,dataset/17/3133739.jpg,preprocessed_dataset/17/3133739.npy,17,512,512
3133742.jpg,dataset/17/3133742.jpg,preprocessed_dataset/17/3133742.npy,17,512,512
3133747.jpg,dataset/17/3133747.jpg,preprocessed_dataset/17/3133747.npy,17,512,512
3133752.jpg,dataset/17/3133752.jpg,preprocessed_dataset/17/3133752.npy,17,512,512
3133745.jpg,dataset/17/3133745.jpg,preprocessed_dataset/17/3133745.npy,17,512,512
3133763.jpg,dataset/17/3133763.jpg,preprocessed_dataset/17/3133763.npy,17,512,512
3133740.jpg,dataset/17/3133740.jpg,preprocessed_dataset/17/3133740.npy,17,512,512
3133761.jpg,dataset/17/3133761.jpg,preprocessed_dataset/17/3133761.npy,17,512,512
3133741.jpg,dataset/17/3133741.jpg,preprocessed_dataset/17/3133741.npy,17,512,512
3133738.jpg,dataset/17/3133738.jpg,preprocessed_dataset/17/3133738.npy,17,512,512
3133756.jpg,dataset/17/3133756.jpg,preprocessed_dataset/17/3133756.npy,17,512,512
3133755.jpg,dataset/17/3133755.jpg,preprocessed_dataset/17/3133755.npy,17,512,512
3133753.jpg,dataset/17/3133753.jpg,preprocessed_dataset/17/3133753.npy,17,512,512
3133758.jpg,dataset/17/3133758.jpg,preprocessed_dataset/17/3133758.npy,17,512,512
3133765.jpg,dataset/17/3133765.jpg,preprocessed_dataset/17/3133765.npy,17,512,512
3133499.jpg,dataset/9/3133499.jpg,preprocessed_dataset/9/3133499.npy,9,512,512
3133453.jpg,dataset/9/3133453.jpg,preprocessed_dataset/9/3133453.npy,9,512,512
3133487.jpg,dataset/9/3133487.jpg,preprocessed_dataset/9/3133487.npy,9,512,512
3133465.jpg,dataset/9/3133465.jpg,preprocessed_dataset/9/3133465.npy,9,512,512
3133495.jpg,dataset/9/3133495.jpg,preprocessed_dataset/9/3133495.npy,9,512,512
3133488.jpg,dataset/9/3133488.jpg,preprocessed_dataset/9/3133488.npy,9,512,512
3133474.jpg,dataset/9/3133474.jpg,preprocessed_dataset/9/3133474.npy,9,512,512
3133500.jpg,dataset/9/3133500.jpg,preprocessed_dataset/9/3133500.npy,9,512,512
3133484.jpg,dataset/9/3133484.jpg,preprocessed_dataset/9/3133484.npy,9,512,512
3133485.jpg,dataset/9/3133485.jpg,preprocessed_dataset/9/3133485.npy,9,512,512
3133466.jpg,dataset/9/3133466.jpg,preprocessed_dataset/9/3133466.npy,9,512,512
3133478.jpg,dataset/9/3133478.jpg,preprocessed_dataset/9/3133478.npy,9,512,512
3133457.jpg,dataset/9/3133457.jpg,preprocessed_dataset/9/3133457.npy,9,512,512
3133501.jpg,dataset/9/3133501.jpg,preprocessed_dataset/9/3133501.npy,9,512,512
3133493.jpg,dataset/9/3133493.jpg,preprocessed_dataset/9/3133493.npy,9,512,512
3133469.jpg,dataset/9/3133469.jpg,preprocessed_dataset/9/3133469.npy,9,512,512
3133483.jpg,dataset/9/3133483.jpg,preprocessed_dataset/9/3133483.npy,9,512,512
3133454.jpg,dataset/9/3133454.jpg,preprocessed_dataset/9/3133454.npy,9,512,512
3133476.jpg,dataset/9/3133476.jpg,preprocessed_dataset/9/3133476.npy,9,512,512
3133460.jpg,dataset/9/3133460.jpg,preprocessed_dataset/9/3133460.npy,9,512,512
3133486.jpg,dataset/9/3133486.jpg,preprocessed_dataset/9/3133486.npy,9,512,512
3133471.jpg,dataset/9/3133471.jpg,preprocessed_dataset/9/3133471.npy,9,512,512
3133456.jpg,dataset/9/3133456.jpg,preprocessed_dataset/9/3133456.npy,9,512,512
3133472.jpg,dataset/9/3133472.jpg,preprocessed_dataset/9/3133472.npy,9,512,512
3133458.jpg,dataset/9/3133458.jpg,preprocessed_dataset/9/3133458.npy,9,512,512
3133480.jpg,dataset/9/3133480.jpg,preprocessed_dataset/9/3133480.npy,9,512,512
3133467.jpg,dataset/9/3133467.jpg,preprocessed_dataset/9/3133467.npy,9,512,512
3133496.jpg,dataset/9/3133496.jpg,preprocessed_dataset/9/3133496.npy,9,512,512
3133452.jpg,dataset/9/3133452.jpg,preprocessed_dataset/9/3133452.npy,9,512,512
3133481.jpg,dataset/9/3133481.jpg,preprocessed_dataset/9/3133481.npy,9,512,512
3133473.jpg,dataset/9/3133473.jpg,preprocessed_dataset/9/3133473.npy,9,512,512
3133491.jpg,dataset/9/3133491.jpg,preprocessed_dataset/9/3133491.npy,9,512,512
3133492.jpg,dataset/9/3133492.jpg,preprocessed_dataset/9/3133492.npy,9,512,512
3133490.jpg,dataset/9/3133490.jpg,preprocessed_dataset/9/3133490.npy,9,512,512
3133498.jpg,dataset/9/3133498.jpg,preprocessed_dataset/9/3133498.npy,9,512,512
3133475.jpg,dataset/9/3133475.jpg,preprocessed_dataset/9/3133475.npy,9,512,512
3133489.jpg,dataset/9/3133489.jpg,preprocessed_dataset/9/3133489.npy,9,512,512
3133464.jpg,dataset/9/3133464.jpg,preprocessed_dataset/9/3133464.npy,9,512,512
3133479.jpg,dataset/9/3133479.jpg,preprocessed_dataset/9/3133479.npy,9,512,512
3133463.jpg,dataset/9/3133463.jpg,preprocessed_dataset/9/3133463.npy,9,512,512
3133470.jpg,dataset/9/3133470.jpg,preprocessed_dataset/9/3133470.npy,9,512,512
3133461.jpg,dataset/9/3133461.jpg,preprocessed_dataset/9/3133461.npy,9,512,512
3133455.jpg,dataset/9/3133455.jpg,preprocessed_dataset/9/3133455.npy,9,512,512
3133497.jpg,dataset/9/3133497.jpg,preprocessed_dataset/9/3133497.npy,9,512,512
3133482.jpg,dataset/9/3133482.jpg,preprocessed_dataset/9/3133482.npy,9,512,512
3133477.jpg,dataset/9/3133477.jpg,preprocessed_dataset/9/3133477.npy,9,512,512
3133459.jpg,dataset/9/3133459.jpg,preprocessed_dataset/9/3133459.npy,9,512,512
3133462.jpg,dataset/9/3133462.jpg,preprocessed_dataset/9/3133462.npy,9,512,512
3133468.jpg,dataset/9/3133468.jpg,preprocessed_dataset/9/3133468.npy,9,512,512
3133494.jpg,dataset/9/3133494.jpg,preprocessed_dataset/9/3133494.npy,9,512,512
3133244.jpg,dataset/3/3133244.jpg,preprocessed_dataset/3/3133244.npy,3,512,512
3133258.jpg,dataset/3/3133258.jpg,preprocessed_dataset/3/3133258.npy,3,512,512
3133252.jpg,dataset/3/3133252.jpg,preprocessed_dataset/3/3133252.npy,3,512,512
3133255.jpg,dataset/3/3133255.jpg,preprocessed_dataset/3/3133255.npy,3,512,512
3133261.jpg,dataset/3/3133261.jpg,preprocessed_dataset/3/3133261.npy,3,512,512
3133254.jpg,dataset/3/3133254.jpg,preprocessed_dataset/3/3133254.npy,3,512,512
3133256.jpg,dataset/3/3133256.jpg,preprocessed_dataset/3/3133256.npy,3,512,512
3133236.jpg,dataset/3/3133236.jpg,preprocessed_dataset/3/3133236.npy,3,512,512
3133248.jpg,dataset/3/3133248.jpg,preprocessed_dataset/3/3133248.npy,3,512,512
3133241.jpg,dataset/3/3133241.jpg,preprocessed_dataset/3/3133241.npy,3,512,512
3133238.jpg,dataset/3/3133238.jpg,preprocessed_dataset/3/3133238.npy,3,512,512
3133240.jpg,dataset/3/3133240.jpg,preprocessed_dataset/3/3133240.npy,3,512,512
3133245.jpg,dataset/3/3133245.jpg,preprocessed_dataset/3/3133245.npy,3,512,512
3133242.jpg,dataset/3/3133242.jpg,preprocessed_dataset/3/3133242.npy,3,512,512
3133259.jpg,dataset/3/3133259.jpg,preprocessed_dataset/3/3133259.npy,3,512,512
3133260.jpg,dataset/3/3133260.jpg,preprocessed_dataset/3/3133260.npy,3,512,512
3133243.jpg,dataset/3/3133243.jpg,preprocessed_dataset/3/3133243.npy,3,512,512
3133257.jpg,dataset/3/3133257.jpg,preprocessed_dataset/3/3133257.npy,3,512,512
3133237.jpg,dataset/3/3133237.jpg,preprocessed_dataset/3/3133237.npy,3,512,512
3133264.jpg,dataset/3/3133264.jpg,preprocessed_dataset/3/3133264.npy,3,512,512
3133239.jpg,dataset/3/3133239.jpg,preprocessed_dataset/3/3133239.npy,3,512,512
3133250.jpg,dataset/3/3133250.jpg,preprocessed_dataset/3/3133250.npy,3,512,512
3133263.jpg,dataset/3/3133263.jpg,preprocessed_dataset/3/3133263.npy,3,512,512
3133253.jpg,dataset/3/3133253.jpg,preprocessed_dataset/3/3133253.npy,3,512,512
3133247.jpg,dataset/3/3133247.jpg,preprocessed_dataset/3/3133247.npy,3,512,512
3133246.jpg,dataset/3/3133246.jpg,preprocessed_dataset/3/3133246.npy,3,512,512
3133249.jpg,dataset/3/3133249.jpg,preprocessed_dataset/3/3133249.npy,3,512,512
3133262.jpg,dataset/3/3133262.jpg,preprocessed_dataset/3/3133262.npy,3,512,512
3133251.jpg,dataset/3/3133251.jpg,preprocessed_dataset/3/3133251.npy,3,512,512
3133235.jpg,dataset/3/3133235.jpg,preprocessed_dataset/3/3133235.npy,3,512,512
3133655.jpg,dataset/15/3133655.jpg,preprocessed_dataset/15/3133655.npy,15,512,512
3133681.jpg,dataset/15/3133681.jpg,preprocessed_dataset/15/3133681.npy,15,512,512
3133678.jpg,dataset/15/3133678.jpg,preprocessed_dataset/15/3133678.npy,15,512,512
3133661.jpg,dataset/15/3133661.jpg,preprocessed_dataset/15/3133661.npy,15,512,512
3133700.jpg,dataset/15/3133700.jpg,preprocessed_dataset/15/3133700.npy,15,512,512
3133694.jpg,dataset/15/3133694.jpg,preprocessed_dataset/15/3133694.npy,15,512,512
3133689.jpg,dataset/15/3133689.jpg,preprocessed_dataset/15/3133689.npy,15,512,512
3133668.jpg,dataset/15/3133668.jpg,preprocessed_dataset/15/3133668.npy,15,512,512
3133663.jpg,dataset/15/3133663.jpg,preprocessed_dataset/15/3133663.npy,15,512,512
3133677.jpg,dataset/15/3133677.jpg,preprocessed_dataset/15/3133677.npy,15,512,512
3133675.jpg,dataset/15/3133675.jpg,preprocessed_dataset/15/3133675.npy,15,512,512
3133683.jpg,dataset/15/3133683.jpg,preprocessed_dataset/15/3133683.npy,15,512,512
3133676.jpg,dataset/15/3133676.jpg,preprocessed_dataset/15/3133676.npy,15,512,512
3133664.jpg,dataset/15/3133664.jpg,preprocessed_dataset/15/3133664.npy,15,512,512
3133690.jpg,dataset/15/3133690.jpg,preprocessed_dataset/15/3133690.npy,15,512,512
3133695.jpg,dataset/15/3133695.jpg,preprocessed_dataset/15/3133695.npy,15,512,512
3133699.jpg,dataset/15/3133699.jpg,preprocessed_dataset/15/3133699.npy,15,512,512
3133680.jpg,dataset/15/3133680.jpg,preprocessed_dataset/15/3133680.npy,15,512,512
3133702.jpg,dataset/15/3133702.jpg,preprocessed_dataset/15/3133702.npy,15,512,512
3133653.jpg,dataset/15/3133653.jpg,preprocessed_dataset/15/3133653.npy,15,512,512
3133658.jpg,dataset/15/3133658.jpg,preprocessed_dataset/15/3133658.npy,15,512,512
3133660.jpg,dataset/15/3133660.jpg,preprocessed_dataset/15/3133660.npy,15,512,512
3133673.jpg,dataset/15/3133673.jpg,preprocessed_dataset/15/3133673.npy,15,512,512
3133691.jpg,dataset/15/3133691.jpg,preprocessed_dataset/15/3133691.npy,15,512,512
3133697.jpg,dataset/15/3133697.jpg,preprocessed_dataset/15/3133697.npy,15,512,512
3133698.jpg,dataset/15/3133698.jpg,preprocessed_dataset/15/3133698.npy,15,512,512
3133654.jpg,dataset/15/3133654.jpg,preprocessed_dataset/15/3133654.npy,15,512,512
3133670.jpg,dataset/15/3133670.jpg,preprocessed_dataset/15/3133670.npy,15,512,512
3133657.jpg,dataset/15/3133657.jpg,preprocessed_dataset/15/3133657.npy,15,512,512
3133662.jpg,dataset/15/3133662.jpg,preprocessed_dataset/15/3133662.npy,15,512,512
3133672.jpg,dataset/15/3133672.jpg,preprocessed_dataset/15/3133672.npy,15,512,512
3133679.jpg,dataset/15/3133679.jpg,preprocessed_dataset/15/3133679.npy,15,512,512
3133671.jpg,dataset/15/3133671.jpg,preprocessed_dataset/15/3133671.npy,15,512,512
3133684.jpg,dataset/15/3133684.jpg,preprocessed_dataset/15/3133684.npy,15,512,512
3133692.jpg,dataset/15/3133692.jpg,preprocessed_dataset/15/3133692.npy,15,512,512
3133667.jpg,dataset/15/3133667.jpg,preprocessed_dataset/15/3133667.npy,15,512,512
3133686.jpg,dataset/15/3133686.jpg,preprocessed_dataset/15/3133686.npy,15,512,512
3133693.jpg,dataset/15/3133693.jpg,preprocessed_dataset/15/3133693.npy,15,512,512
3133688.jpg,dataset/15/3133688.jpg,preprocessed_dataset/15/3133688.npy,15,512,512
3133682.jpg,dataset/15/3133682.jpg,preprocessed_dataset/15/3133682.npy,15,512,512
3133687.jpg,dataset/15/3133687.jpg,preprocessed_dataset/15/3133687.npy,15,512,512
3133665.jpg,dataset/15/3133665.jpg,preprocessed_dataset/15/3133665.npy,15,512,512
3133674.jpg,dataset/15/3133674.jpg,preprocessed_dataset/15/3133674.npy,15,512,512
3133696.jpg,dataset/15/3133696.jpg,preprocessed_dataset/15/3133696.npy,15,512,512
3133656.jpg,dataset/15/3133656.jpg,preprocessed_dataset/15/3133656.npy,15,512,512
3133685.jpg,dataset/15/3133685.jpg,preprocessed_dataset/15/3133685.npy,15,512,512
3133669.jpg,dataset/15/3133669.jpg,preprocessed_dataset/15/3133669.npy,15,512,512
3133666.jpg,dataset/15/3133666.jpg,preprocessed_dataset/15/3133666.npy,15,512,512
3133659.jpg,dataset/15/3133659.jpg,preprocessed_dataset/15/3133659.npy,15,512,512
3133701.jpg,dataset/15/3133701.jpg,preprocessed_dataset/15/3133701.npy,15,512,512
3133778.jpg,dataset/18/3133778.jpg,preprocessed_dataset/18/3133778.npy,18,512,512
3133775.jpg,dataset/18/3133775.jpg,preprocessed_dataset/18/3133775.npy,18,512,512
3133771.jpg,dataset/18/3133771.jpg,preprocessed_dataset/18/3133771.npy,18,512,512
3133789.jpg,dataset/18/3133789.jpg,preprocessed_dataset/18/3133789.npy,18,512,512
3133794.jpg,dataset/18/3133794.jpg,preprocessed_dataset/18/3133794.npy,18,512,512
3133777.jpg,dataset/18/3133777.jpg,preprocessed_dataset/18/3133777.npy,18,512,512
3133780.jpg,dataset/18/3133780.jpg,preprocessed_dataset/18/3133780.npy,18,512,512
3133787.jpg,dataset/18/3133787.jpg,preprocessed_dataset/18/3133787.npy,18,512,512
3133773.jpg,dataset/18/3133773.jpg,preprocessed_dataset/18/3133773.npy,18,512,512
3133792.jpg,dataset/18/3133792.jpg,preprocessed_dataset/18/3133792.npy,18,512,512
3133776.jpg,dataset/18/3133776.jpg,preprocessed_dataset/18/3133776.npy,18,512,512
3133770.jpg,dataset/18/3133770.jpg,preprocessed_dataset/18/3133770.npy,18,512,512
3133779.jpg,dataset/18/3133779.jpg,preprocessed_dataset/18/3133779.npy,18,512,512
3133783.jpg,dataset/18/3133783.jpg,preprocessed_dataset/18/3133783.npy,18,512,512
3133786.jpg,dataset/18/3133786.jpg,preprocessed_dataset/18/3133786.npy,18,512,512
3133772.jpg,dataset/18/3133772.jpg,preprocessed_dataset/18/3133772.npy,18,512,512
3133781.jpg,dataset/18/3133781.jpg,preprocessed_dataset/18/3133781.npy,18,512,512
3133768.jpg,dataset/18/3133768.jpg,preprocessed_dataset/18/3133768.npy,18,512,512
3133769.jpg,dataset/18/3133769.jpg,preprocessed_dataset/18/3133769.npy,18,512,512
3133793.jpg,dataset/18/3133793.jpg,preprocessed_dataset/18/3133793.npy,18,512,512
3133782.jpg,dataset/18/3133782.jpg,preprocessed_dataset/18/3133782.npy,18,512,512
3133791.jpg,dataset/18/3133791.jpg,preprocessed_dataset/18/3133791.npy,18,512,512
3133790.jpg,dataset/18/3133790.jpg,preprocessed_dataset/18/3133790.npy,18,512,512
3133788.jpg,dataset/18/3133788.jpg,preprocessed_dataset/18/3133788.npy,18,512,512
3133784.jpg,dataset/18/3133784.jpg,preprocessed_dataset/18/3133784.npy,18,512,512
3133785.jpg,dataset/18/3133785.jpg,preprocessed_dataset/18/3133785.npy,18,512,512
3133774.jpg,dataset/18/3133774.jpg,preprocessed_dataset/18/3133774.npy,18,512,512
3133795.jpg,dataset/18/3133795.jpg,preprocessed_dataset/18/3133795.npy,18,512,512
3133557.jpg,dataset/12/3133557.jpg,preprocessed_dataset/12/3133557.npy,12,512,512
3133576.jpg,dataset/12/3133576.jpg,preprocessed_dataset/12/3133576.npy,12,512,512
3133554.jpg,dataset/12/3133554.jpg,preprocessed_dataset/12/3133554.npy,12,512,512
3133564.jpg,dataset/12/3133564.jpg,preprocessed_dataset/12/3133564.npy,12,512,512
3133574.jpg,dataset/12/3133574.jpg,preprocessed_dataset/12/3133574.npy,12,512,512
3133568.jpg,dataset/12/3133568.jpg,preprocessed_dataset/12/3133568.npy,12,512,512
3133571.jpg,dataset/12/3133571.jpg,preprocessed_dataset/12/3133571.npy,12,512,512
3133559.jpg,dataset/12/3133559.jpg,preprocessed_dataset/12/3133559.npy,12,512,512
3133575.jpg,dataset/12/3133575.jpg,preprocessed_dataset/12/3133575.npy,12,512,512
3133560.jpg,dataset/12/3133560.jpg,preprocessed_dataset/12/3133560.npy,12,512,512
3133556.jpg,dataset/12/3133556.jpg,preprocessed_dataset/12/3133556.npy,12,512,512
3133570.jpg,dataset/12/3133570.jpg,preprocessed_dataset/12/3133570.npy,12,512,512
3133565.jpg,dataset/12/3133565.jpg,preprocessed_dataset/12/3133565.npy,12,512,512
3133569.jpg,dataset/12/3133569.jpg,preprocessed_dataset/12/3133569.npy,12,512,512
3133558.jpg,dataset/12/3133558.jpg,preprocessed_dataset/12/3133558.npy,12,512,512
3133561.jpg,dataset/12/3133561.jpg,preprocessed_dataset/12/3133561.npy,12,512,512
3133567.jpg,dataset/12/3133567.jpg,preprocessed_dataset/12/3133567.npy,12,512,512
3133563.jpg,dataset/12/3133563.jpg,preprocessed_dataset/12/3133563.npy,12,512,512
3133572.jpg,dataset/12/3133572.jpg,preprocessed_dataset/12/3133572.npy,12,512,512
3133577.jpg,dataset/12/3133577.jpg,preprocessed_dataset/12/3133577.npy,12,512,512
3133573.jpg,dataset/12/3133573.jpg,preprocessed_dataset/12/3133573.npy,12,512,512
3133566.jpg,dataset/12/3133566.jpg,preprocessed_dataset/12/3133566.npy,12,512,512
3133555.jpg,dataset/12/3133555.jpg,preprocessed_dataset/12/3133555.npy,12,512,512
3133562.jpg,dataset/12/3133562.jpg,preprocessed_dataset/12/3133562.npy,12,512,512
3133181.jpg,dataset/1/3133181.jpg,preprocessed_dataset/1/3133181.npy,1,512,512
3133180.jpg,dataset/1/3133180.jpg,preprocessed_dataset/1/3133180.npy,1,512,512
3133200.jpg,dataset/1/3133200.jpg,preprocessed_dataset/1/3133200.npy,1,512,512
3133194.jpg,dataset/1/3133194.jpg,preprocessed_dataset/1/3133194.npy,1,512,512
3133177.jpg,dataset/1/3133177.jpg,preprocessed_dataset/1/3133177.npy,1,512,512
3133178.jpg,dataset/1/3133178.jpg,preprocessed_dataset/1/3133178.npy,1,512,512
3133202.jpg,dataset/1/3133202.jpg,preprocessed_dataset/1/3133202.npy,1,512,512
3133184.jpg,dataset/1/3133184.jpg,preprocessed_dataset/1/3133184.npy,1,512,512
3133189.jpg,dataset/1/3133189.jpg,preprocessed_dataset/1/3133189.npy,1,512,512
3133186.jpg,dataset/1/3133186.jpg,preprocessed_dataset/1/3133186.npy,1,512,512
3133210.jpg,dataset/1/3133210.jpg,preprocessed_dataset/1/3133210.npy,1,512,512
3133179.jpg,dataset/1/3133179.jpg,preprocessed_dataset/1/3133179.npy,1,512,512
3133192.jpg,dataset/1/3133192.jpg,preprocessed_dataset/1/3133192.npy,1,512,512
3133191.jpg,dataset/1/3133191.jpg,preprocessed_dataset/1/3133191.npy,1,512,512
3133176.jpg,dataset/1/3133176.jpg,preprocessed_dataset/1/3133176.npy,1,512,512
3133208.jpg,dataset/1/3133208.jpg,preprocessed_dataset/1/3133208.npy,1,512,512
3133211.jpg,dataset/1/3133211.jpg,preprocessed_dataset/1/3133211.npy,1,512,512
3133206.jpg,dataset/1/3133206.jpg,preprocessed_dataset/1/3133206.npy,1,512,512
3133188.jpg,dataset/1/3133188.jpg,preprocessed_dataset/1/3133188.npy,1,512,512
3133190.jpg,dataset/1/3133190.jpg,preprocessed_dataset/1/3133190.npy,1,512,512
3133205.jpg,dataset/1/3133205.jpg,preprocessed_dataset/1/3133205.npy,1,512,512
3133195.jpg,dataset/1/3133195.jpg,preprocessed_dataset/1/3133195.npy,1,512,512
3133187.jpg,dataset/1/3133187.jpg,preprocessed_dataset/1/3133187.npy,1,512,512
3133196.jpg,dataset/1/3133196.jpg,preprocessed_dataset/1/3133196.npy,1,512,512
3133209.jpg,dataset/1/3133209.jpg,preprocessed_dataset/1/3133209.npy,1,512,512
3133198.jpg,dataset/1/3133198.jpg,preprocessed_dataset/1/3133198.npy,1,512,512
3133203.jpg,dataset/1/3133203.jpg,preprocessed_dataset/1/3133203.npy,1,512,512
3133193.jpg,dataset/1/3133193.jpg,preprocessed_dataset/1/3133193.npy,1,512,512
3133204.jpg,dataset/1/3133204.jpg,preprocessed_dataset/1/3133204.npy,1,512,512
3133183.jpg,dataset/1/3133183.jpg,preprocessed_dataset/1/3133183.npy,1,512,512
3133197.jpg,dataset/1/3133197.jpg,preprocessed_dataset/1/3133197.npy,1,512,512
3133207.jpg,dataset/1/3133207.jpg,preprocessed_dataset/1/3133207.npy,1,512,512
3133199.jpg,dataset/1/3133199.jpg,preprocessed_dataset/1/3133199.npy,1,512,512
3133201.jpg,dataset/1/3133201.jpg,preprocessed_dataset/1/3133201.npy,1,512,512
3133182.jpg,dataset/1/3133182.jpg,preprocessed_dataset/1/3133182.npy,1,512,512
3133185.jpg,dataset/1/3133185.jpg,preprocessed_dataset/1/3133185.npy,1,512,512
3133538.jpg,dataset/11/3133538.jpg,preprocessed_dataset/11/3133538.npy,11,512,512
3133547.jpg,dataset/11/3133547.jpg,preprocessed_dataset/11/3133547.npy,11,512,512
3133549.jpg,dataset/11/3133549.jpg,preprocessed_dataset/11/3133549.npy,11,512,512
3133534.jpg,dataset/11/3133534.jpg,preprocessed_dataset/11/3133534.npy,11,512,512
3133539.jpg,dataset/11/3133539.jpg,preprocessed_dataset/11/3133539.npy,11,512,512
3133532.jpg,dataset/11/3133532.jpg,preprocessed_dataset/11/3133532.npy,11,512,512
3133533.jpg,dataset/11/3133533.jpg,preprocessed_dataset/11/3133533.npy,11,512,512
3133546.jpg,dataset/11/3133546.jpg,preprocessed_dataset/11/3133546.npy,11,512,512
3133545.jpg,dataset/11/3133545.jpg,preprocessed_dataset/11/3133545.npy,11,512,512
3133553.jpg,dataset/11/3133553.jpg,preprocessed_dataset/11/3133553.npy,11,512,512
3133550.jpg,dataset/11/3133550.jpg,preprocessed_dataset/11/3133550.npy,11,512,512
3133526.jpg,dataset/11/3133526.jpg,preprocessed_dataset/11/3133526.npy,11,512,512
3133531.jpg,dataset/11/3133531.jpg,preprocessed_dataset/11/3133531.npy,11,512,512
3133542.jpg,dataset/11/3133542.jpg,preprocessed_dataset/11/3133542.npy,11,512,512
3133536.jpg,dataset/11/3133536.jpg,preprocessed_dataset/11/3133536.npy,11,512,512
3133551.jpg,dataset/11/3133551.jpg,preprocessed_dataset/11/3133551.npy,11,512,512
3133529.jpg,dataset/11/3133529.jpg,preprocessed_dataset/11/3133529.npy,11,512,512
3133527.jpg,dataset/11/3133527.jpg,preprocessed_dataset/11/3133527.npy,11,512,512
3133535.jpg,dataset/11/3133535.jpg,preprocessed_dataset/11/3133535.npy,11,512,512
3133548.jpg,dataset/11/3133548.jpg,preprocessed_dataset/11/3133548.npy,11,512,512
3133537.jpg,dataset/11/3133537.jpg,preprocessed_dataset/11/3133537.npy,11,512,512
3133543.jpg,dataset/11/3133543.jpg,preprocessed_dataset/11/3133543.npy,11,512,512
3133541.jpg,dataset/11/3133541.jpg,preprocessed_dataset/11/3133541.npy,11,512,512
3133528.jpg,dataset/11/3133528.jpg,preprocessed_dataset/11/3133528.npy,11,512,512
3133530.jpg,dataset/11/3133530.jpg,preprocessed_dataset/11/3133530.npy,11,512,512
3133552.jpg,dataset/11/3133552.jpg,preprocessed_dataset/11/3133552.npy,11,512,512
3133544.jpg,dataset/11/3133544.jpg,preprocessed_dataset/11/3133544.npy,11,512,512
3133540.jpg,dataset/11/3133540.jpg,preprocessed_dataset/11/3133540.npy,11,512,512
3133280.jpg,dataset/4/3133280.jpg,preprocessed_dataset/4/3133280.npy,4,512,512
3133288.jpg,dataset/4/3133288.jpg,preprocessed_dataset/4/3133288.npy,4,512,512
3133289.jpg,dataset/4/3133289.jpg,preprocessed_dataset/4/3133289.npy,4,512,512
3133269.jpg,dataset/4/3133269.jpg,preprocessed_dataset/4/3133269.npy,4,512,512
3133286.jpg,dataset/4/3133286.jpg,preprocessed_dataset/4/3133286.npy,4,512,512
3133273.jpg,dataset/4/3133273.jpg,preprocessed_dataset/4/3133273.npy,4,512,512
3133283.jpg,dataset/4/3133283.jpg,preprocessed_dataset/4/3133283.npy,4,512,512
3133270.jpg,dataset/4/3133270.jpg,preprocessed_dataset/4/3133270.npy,4,512,512
3133284.jpg,dataset/4/3133284.jpg,preprocessed_dataset/4/3133284.npy,4,512,512
3133293.jpg,dataset/4/3133293.jpg,preprocessed_dataset/4/3133293.npy,4,512,512
3133292.jpg,dataset/4/3133292.jpg,preprocessed_dataset/4/3133292.npy,4,512,512
3133274.jpg,dataset/4/3133274.jpg,preprocessed_dataset/4/3133274.npy,4,512,512
3133290.jpg,dataset/4/3133290.jpg,preprocessed_dataset/4/3133290.npy,4,512,512
3133265.jpg,dataset/4/3133265.jpg,preprocessed_dataset/4/3133265.npy,4,512,512
3133276.jpg,dataset/4/3133276.jpg,preprocessed_dataset/4/3133276.npy,4,512,512
3133275.jpg,dataset/4/3133275.jpg,preprocessed_dataset/4/3133275.npy,4,512,512
3133281.jpg,dataset/4/3133281.jpg,preprocessed_dataset/4/3133281.npy,4,512,512
3133279.jpg,dataset/4/3133279.jpg,preprocessed_dataset/4/3133279.npy,4,512,512
3133268.jpg,dataset/4/3133268.jpg,preprocessed_dataset/4/3133268.npy,4,512,512
3133294.jpg,dataset/4/3133294.jpg,preprocessed_dataset/4/3133294.npy,4,512,512
3133287.jpg,dataset/4/3133287.jpg,preprocessed_dataset/4/3133287.npy,4,512,512
3133271.jpg,dataset/4/3133271.jpg,preprocessed_dataset/4/3133271.npy,4,512,512
3133282.jpg,dataset/4/3133282.jpg,preprocessed_dataset/4/3133282.npy,4,512,512
3133277.jpg,dataset/4/3133277.jpg,preprocessed_dataset/4/3133277.npy,4,512,512
3133266.jpg,dataset/4/3133266.jpg,preprocessed_dataset/4/3133266.npy,4,512,512
3133272.jpg,dataset/4/3133272.jpg,preprocessed_dataset/4/3133272.npy,4,512,512
3133291.jpg,dataset/4/3133291.jpg,preprocessed_dataset/4/3133291.npy,4,512,512
3133285.jpg,dataset/4/3133285.jpg,preprocessed_dataset/4/3133285.npy,4,512,512
3133267.jpg,dataset/4/3133267.jpg,preprocessed_dataset/4/3133267.npy,4,512,512
3133278.jpg,dataset/4/3133278.jpg,preprocessed_dataset/4/3133278.npy,4,512,512
3133834.jpg,dataset/19/3133834.jpg,preprocessed_dataset/19/3133834.npy,19,512,512
3133833.jpg,dataset/19/3133833.jpg,preprocessed_dataset/19/3133833.npy,19,512,512
3133823.jpg,dataset/19/3133823.jpg,preprocessed_dataset/19/3133823.npy,19,512,512
3133821.jpg,dataset/19/3133821.jpg,preprocessed_dataset/19/3133821.npy,19,512,512
3133847.jpg,dataset/19/3133847.jpg,preprocessed_dataset/19/3133847.npy,19,512,512
3133828.jpg,dataset/19/3133828.jpg,preprocessed_dataset/19/3133828.npy,19,512,512
3133806.jpg,dataset/19/3133806.jpg,preprocessed_dataset/19/3133806.npy,19,512,512
3133849.jpg,dataset/19/3133849.jpg,preprocessed_dataset/19/3133849.npy,19,512,512
3133841.jpg,dataset/19/3133841.jpg,preprocessed_dataset/19/3133841.npy,19,512,512
3133807.jpg,dataset/19/3133807.jpg,preprocessed_dataset/19/3133807.npy,19,512,512
3133836.jpg,dataset/19/3133836.jpg,preprocessed_dataset/19/3133836.npy,19,512,512
3133801.jpg,dataset/19/3133801.jpg,preprocessed_dataset/19/3133801.npy,19,512,512
3133815.jpg,dataset/19/3133815.jpg,preprocessed_dataset/19/3133815.npy,19,512,512
3133844.jpg,dataset/19/3133844.jpg,preprocessed_dataset/19/3133844.npy,19,512,512
3133805.jpg,dataset/19/3133805.jpg,preprocessed_dataset/19/3133805.npy,19,512,512
3133814.jpg,dataset/19/3133814.jpg,preprocessed_dataset/19/3133814.npy,19,512,512
3133809.jpg,dataset/19/3133809.jpg,preprocessed_dataset/19/3133809.npy,19,512,512
3133824.jpg,dataset/19/3133824.jpg,preprocessed_dataset/19/3133824.npy,19,512,512
3133822.jpg,dataset/19/3133822.jpg,preprocessed_dataset/19/3133822.npy,19,512,512
3133817.jpg,dataset/19/3133817.jpg,preprocessed_dataset/19/3133817.npy,19,512,512
3133835.jpg,dataset/19/3133835.jpg,preprocessed_dataset/19/3133835.npy,19,512,512
3133840.jpg,dataset/19/3133840.jpg,preprocessed_dataset/19/3133840.npy,19,512,512
3133810.jpg,dataset/19/3133810.jpg,preprocessed_dataset/19/3133810.npy,19,512,512
3133800.jpg,dataset/19/3133800.jpg,preprocessed_dataset/19/3133800.npy,19,512,512
3133830.jpg,dataset/19/3133830.jpg,preprocessed_dataset/19/3133830.npy,19,512,512
3133832.jpg,dataset/19/3133832.jpg,preprocessed_dataset/19/3133832.npy,19,512,512
3133848.jpg,dataset/19/3133848.jpg,preprocessed_dataset/19/3133848.npy,19,512,512
3133826.jpg,dataset/19/3133826.jpg,preprocessed_dataset/19/3133826.npy,19,512,512
3133829.jpg,dataset/19/3133829.jpg,preprocessed_dataset/19/3133829.npy,19,512,512
3133842.jpg,dataset/19/3133842.jpg,preprocessed_dataset/19/3133842.npy,19,512,512
3133811.jpg,dataset/19/3133811.jpg,preprocessed_dataset/19/3133811.npy,19,512,512
3133812.jpg,dataset/19/3133812.jpg,preprocessed_dataset/19/3133812.npy,19,512,512
3133838.jpg,dataset/19/3133838.jpg,preprocessed_dataset/19/3133838.npy,19,512,512
3133808.jpg,dataset/19/3133808.jpg,preprocessed_dataset/19/3133808.npy,19,512,512
3133827.jpg,dataset/19/3133827.jpg,preprocessed_dataset/19/3133827.npy,19,512,512
3133846.jpg,dataset/19/3133846.jpg,preprocessed_dataset/19/3133846.npy,19,512,512
3133818.jpg,dataset/19/3133818.jpg,preprocessed_dataset/19/3133818.npy,19,512,512
3133819.jpg,dataset/19/3133819.jpg,preprocessed_dataset/19/3133819.npy,19,512,512
3133798.jpg,dataset/19/3133798.jpg,preprocessed_dataset/19/3133798.npy,19,512,512
3133802.jpg,dataset/19/3133802.jpg,preprocessed_dataset/19/3133802.npy,19,512,512
3133825.jpg,dataset/19/3133825.jpg,preprocessed_dataset/19/3133825.npy,19,512,512
3133796.jpg,dataset/19/3133796.jpg,preprocessed_dataset/19/3133796.npy,19,512,512
3133845.jpg,dataset/19/3133845.jpg,preprocessed_dataset/19/3133845.npy,19,512,512
3133813.jpg,dataset/19/3133813.jpg,preprocessed_dataset/19/3133813.npy,19,512,512
3133831.jpg,dataset/19/3133831.jpg,preprocessed_dataset/19/3133831.npy,19,512,512
3133799.jpg,dataset/19/3133799.jpg,preprocessed_dataset/19/3133799.npy,19,512,512
3133850.jpg,dataset/19/3133850.jpg,preprocessed_dataset/19/3133850.npy,19,512,512
3133843.jpg,dataset/19/3133843.jpg,preprocessed_dataset/19/3133843.npy,19,512,512
3133816.jpg,dataset/19/3133816.jpg,preprocessed_dataset/19/3133816.npy,19,512,512
3133797.jpg,dataset/19/3133797.jpg,preprocessed_dataset/19/3133797.npy,19,512,512
3133804.jpg,dataset/19/3133804.jpg,preprocessed_dataset/19/3133804.npy,19,512,512
3133839.jpg,dataset/19/3133839.jpg,preprocessed_dataset/19/3133839.npy,19,512,512
3133837.jpg,dataset/19/3133837.jpg,preprocessed_dataset/19/3133837.npy,19,512,512
3133820.jpg,dataset/19/3133820.jpg,preprocessed_dataset/19/3133820.npy,19,512,512
3133803.jpg,dataset/19/3133803.jpg,preprocessed_dataset/19/3133803.npy,19,512,512
3133402.jpg,dataset/7/3133402.jpg,preprocessed_dataset/7/3133402.npy,7,512,512
3133390.jpg,dataset/7/3133390.jpg,preprocessed_dataset/7/3133390.npy,7,512,512
3133404.jpg,dataset/7/3133404.jpg,preprocessed_dataset/7/3133404.npy,7,512,512
3133392.jpg,dataset/7/3133392.jpg,preprocessed_dataset/7/3133392.npy,7,512,512
3133400.jpg,dataset/7/3133400.jpg,preprocessed_dataset/7/3133400.npy,7,512,512
3133405.jpg,dataset/7/3133405.jpg,preprocessed_dataset/7/3133405.npy,7,512,512
3133397.jpg,dataset/7/3133397.jpg,preprocessed_dataset/7/3133397.npy,7,512,512
3133399.jpg,dataset/7/3133399.jpg,preprocessed_dataset/7/3133399.npy,7,512,512
3133406.jpg,dataset/7/3133406.jpg,preprocessed_dataset/7/3133406.npy,7,512,512
3133396.jpg,dataset/7/3133396.jpg,preprocessed_dataset/7/3133396.npy,7,512,512
3133387.jpg,dataset/7/3133387.jpg,preprocessed_dataset/7/3133387.npy,7,512,512
3133394.jpg,dataset/7/3133394.jpg,preprocessed_dataset/7/3133394.npy,7,512,512
3133388.jpg,dataset/7/3133388.jpg,preprocessed_dataset/7/3133388.npy,7,512,512
3133389.jpg,dataset/7/3133389.jpg,preprocessed_dataset/7/3133389.npy,7,512,512
3133393.jpg,dataset/7/3133393.jpg,preprocessed_dataset/7/3133393.npy,7,512,512
3133391.jpg,dataset/7/3133391.jpg,preprocessed_dataset/7/3133391.npy,7,512,512
3133398.jpg,dataset/7/3133398.jpg,preprocessed_dataset/7/3133398.npy,7,512,512
3133403.jpg,dataset/7/3133403.jpg,preprocessed_dataset/7/3133403.npy,7,512,512
3133395.jpg,dataset/7/3133395.jpg,preprocessed_dataset/7/3133395.npy,7,512,512
3133401.jpg,dataset/7/3133401.jpg,preprocessed_dataset/7/3133401.npy,7,512,512
3133232.jpg,dataset/2/3133232.jpg,preprocessed_dataset/2/3133232.npy,2,512,512
3133219.jpg,dataset/2/3133219.jpg,preprocessed_dataset/2/3133219.npy,2,512,512
3133212.jpg,dataset/2/3133212.jpg,preprocessed_dataset/2/3133212.npy,2,512,512
3133229.jpg,dataset/2/3133229.jpg,preprocessed_dataset/2/3133229.npy,2,512,512
3133225.jpg,dataset/2/3133225.jpg,preprocessed_dataset/2/3133225.npy,2,512,512
3133214.jpg,dataset/2/3133214.jpg,preprocessed_dataset/2/3133214.npy,2,512,512
3133216.jpg,dataset/2/3133216.jpg,preprocessed_dataset/2/3133216.npy,2,512,512
3133231.jpg,dataset/2/3133231.jpg,preprocessed_dataset/2/3133231.npy,2,512,512
3133227.jpg,dataset/2/3133227.jpg,preprocessed_dataset/2/3133227.npy,2,512,512
3133221.jpg,dataset/2/3133221.jpg,preprocessed_dataset/2/3133221.npy,2,512,512
3133218.jpg,dataset/2/3133218.jpg,preprocessed_dataset/2/3133218.npy,2,512,512
3133226.jpg,dataset/2/3133226.jpg,preprocessed_dataset/2/3133226.npy,2,512,512
3133217.jpg,dataset/2/3133217.jpg,preprocessed_dataset/2/3133217.npy,2,512,512
3133220.jpg,dataset/2/3133220.jpg,preprocessed_dataset/2/3133220.npy,2,512,512
3133228.jpg,dataset/2/3133228.jpg,preprocessed_dataset/2/3133228.npy,2,512,512
3133224.jpg,dataset/2/3133224.jpg,preprocessed_dataset/2/3133224.npy,2,512,512
3133213.jpg,dataset/2/3133213.jpg,preprocessed_dataset/2/3133213.npy,2,512,512
3133222.jpg,dataset/2/3133222.jpg,preprocessed_dataset/2/3133222.npy,2,512,512
3133215.jpg,dataset/2/3133215.jpg,preprocessed_dataset/2/3133215.npy,2,512,512
3133223.jpg,dataset/2/3133223.jpg,preprocessed_dataset/2/3133223.npy,2,512,512
3133234.jpg,dataset/2/3133234.jpg,preprocessed_dataset/2/3133234.npy,2,512,512
3133233.jpg,dataset/2/3133233.jpg,preprocessed_dataset/2/3133233.npy,2,512,512
3133230.jpg,dataset/2/3133230.jpg,preprocessed_dataset/2/3133230.npy,2,512,512
3133648.jpg,dataset/14/3133648.jpg,preprocessed_dataset/14/3133648.npy,14,512,512
3133623.jpg,dataset/14/3133623.jpg,preprocessed_dataset/14/3133623.npy,14,512,512
3133627.jpg,dataset/14/3133627.jpg,preprocessed_dataset/14/3133627.npy,14,512,512
3133643.jpg,dataset/14/3133643.jpg,preprocessed_dataset/14/3133643.npy,14,512,512
3133635.jpg,dataset/14/3133635.jpg,preprocessed_dataset/14/3133635.npy,14,512,512
3133624.jpg,dataset/14/3133624.jpg,preprocessed_dataset/14/3133624.npy,14,512,512
3133650.jpg,dataset/14/3133650.jpg,preprocessed_dataset/14/3133650.npy,14,512,512
3133631.jpg,dataset/14/3133631.jpg,preprocessed_dataset/14/3133631.npy,14,512,512
3133614.jpg,dataset/14/3133614.jpg,preprocessed_dataset/14/3133614.npy,14,512,512
3133625.jpg,dataset/14/3133625.jpg,preprocessed_dataset/14/3133625.npy,14,512,512
3133620.jpg,dataset/14/3133620.jpg,preprocessed_dataset/14/3133620.npy,14,512,512
3133638.jpg,dataset/14/3133638.jpg,preprocessed_dataset/14/3133638.npy,14,512,512
3133613.jpg,dataset/14/3133613.jpg,preprocessed_dataset/14/3133613.npy,14,512,512
3133615.jpg,dataset/14/3133615.jpg,preprocessed_dataset/14/3133615.npy,14,512,512
3133636.jpg,dataset/14/3133636.jpg,preprocessed_dataset/14/3133636.npy,14,512,512
3133621.jpg,dataset/14/3133621.jpg,preprocessed_dataset/14/3133621.npy,14,512,512
3133632.jpg,dataset/14/3133632.jpg,preprocessed_dataset/14/3133632.npy,14,512,512
3133637.jpg,dataset/14/3133637.jpg,preprocessed_dataset/14/3133637.npy,14,512,512
3133617.jpg,dataset/14/3133617.jpg,preprocessed_dataset/14/3133617.npy,14,512,512
3133644.jpg,dataset/14/3133644.jpg,preprocessed_dataset/14/3133644.npy,14,512,512
3133633.jpg,dataset/14/3133633.jpg,preprocessed_dataset/14/3133633.npy,14,512,512
3133618.jpg,dataset/14/3133618.jpg,preprocessed_dataset/14/3133618.npy,14,512,512
3133642.jpg,dataset/14/3133642.jpg,preprocessed_dataset/14/3133642.npy,14,512,512
3133649.jpg,dataset/14/3133649.jpg,preprocessed_dataset/14/3133649.npy,14,512,512
3133651.jpg,dataset/14/3133651.jpg,preprocessed_dataset/14/3133651.npy,14,512,512
3133640.jpg,dataset/14/3133640.jpg,preprocessed_dataset/14/3133640.npy,14,512,512
3133645.jpg,dataset/14/3133645.jpg,preprocessed_dataset/14/3133645.npy,14,512,512
3133616.jpg,dataset/14/3133616.jpg,preprocessed_dataset/14/3133616.npy,14,512,512
3133652.jpg,dataset/14/3133652.jpg,preprocessed_dataset/14/3133652.npy,14,512,512
3133622.jpg,dataset/14/3133622.jpg,preprocessed_dataset/14/3133622.npy,14,512,512
3133629.jpg,dataset/14/3133629.jpg,preprocessed_dataset/14/3133629.npy,14,512,512
3133646.jpg,dataset/14/3133646.jpg,preprocessed_dataset/14/3133646.npy,14,512,512
3133639.jpg,dataset/14/3133639.jpg,preprocessed_dataset/14/3133639.npy,14,512,512
3133634.jpg,dataset/14/3133634.jpg,preprocessed_dataset/14/3133634.npy,14,512,512
3133619.jpg,dataset/14/3133619.jpg,preprocessed_dataset/14/3133619.npy,14,512,512
3133641.jpg,dataset/14/3133641.jpg,preprocessed_dataset/14/3133641.npy,14,512,512
3133626.jpg,dataset/14/3133626.jpg,preprocessed_dataset/14/3133626.npy,14,512,512
3133630.jpg,dataset/14/3133630.jpg,preprocessed_dataset/14/3133630.npy,14,512,512
3133628.jpg,dataset/14/3133628.jpg,preprocessed_dataset/14/3133628.npy,14,512,512
3133647.jpg,dataset/14/3133647.jpg,preprocessed_dataset/14/3133647.npy,14,512,512
3133377.jpg,dataset/6/3133377.jpg,preprocessed_dataset/6/3133377.npy,6,512,512
3133376.jpg,dataset/6/3133376.jpg,preprocessed_dataset/6/3133376.npy,6,512,512
3133385.jpg,dataset/6/3133385.jpg,preprocessed_dataset/6/3133385.npy,6,512,512
3133348.jpg,dataset/6/3133348.jpg,preprocessed_dataset/6/3133348.npy,6,512,512
3133362.jpg,dataset/6/3133362.jpg,preprocessed_dataset/6/3133362.npy,6,512,512
3133349.jpg,dataset/6/3133349.jpg,preprocessed_dataset/6/3133349.npy,6,512,512
3133350.jpg,dataset/6/3133350.jpg,preprocessed_dataset/6/3133350.npy,6,512,512
3133368.jpg,dataset/6/3133368.jpg,preprocessed_dataset/6/3133368.npy,6,512,512
3133354.jpg,dataset/6/3133354.jpg,preprocessed_dataset/6/3133354.npy,6,512,512
3133363.jpg,dataset/6/3133363.jpg,preprocessed_dataset/6/3133363.npy,6,512,512
3133352.jpg,dataset/6/3133352.jpg,preprocessed_dataset/6/3133352.npy,6,512,512
3133356.jpg,dataset/6/3133356.jpg,preprocessed_dataset/6/3133356.npy,6,512,512
3133386.jpg,dataset/6/3133386.jpg,preprocessed_dataset/6/3133386.npy,6,512,512
3133353.jpg,dataset/6/3133353.jpg,preprocessed_dataset/6/3133353.npy,6,512,512
3133346.jpg,dataset/6/3133346.jpg,preprocessed_dataset/6/3133346.npy,6,512,512
3133357.jpg,dataset/6/3133357.jpg,preprocessed_dataset/6/3133357.npy,6,512,512
3133366.jpg,dataset/6/3133366.jpg,preprocessed_dataset/6/3133366.npy,6,512,512
3133364.jpg,dataset/6/3133364.jpg,preprocessed_dataset/6/3133364.npy,6,512,512
3133379.jpg,dataset/6/3133379.jpg,preprocessed_dataset/6/3133379.npy,6,512,512
3133372.jpg,dataset/6/3133372.jpg,preprocessed_dataset/6/3133372.npy,6,512,512
3133360.jpg,dataset/6/3133360.jpg,preprocessed_dataset/6/3133360.npy,6,512,512
3133347.jpg,dataset/6/3133347.jpg,preprocessed_dataset/6/3133347.npy,6,512,512
3133380.jpg,dataset/6/3133380.jpg,preprocessed_dataset/6/3133380.npy,6,512,512
3133378.jpg,dataset/6/3133378.jpg,preprocessed_dataset/6/3133378.npy,6,512,512
3133345.jpg,dataset/6/3133345.jpg,preprocessed_dataset/6/3133345.npy,6,512,512
3133384.jpg,dataset/6/3133384.jpg,preprocessed_dataset/6/3133384.npy,6,512,512
3133358.jpg,dataset/6/3133358.jpg,preprocessed_dataset/6/3133358.npy,6,512,512
3133381.jpg,dataset/6/3133381.jpg,preprocessed_dataset/6/3133381.npy,6,512,512
3133365.jpg,dataset/6/3133365.jpg,preprocessed_dataset/6/3133365.npy,6,512,512
3133351.jpg,dataset/6/3133351.jpg,preprocessed_dataset/6/3133351.npy,6,512,512
3133355.jpg,dataset/6/3133355.jpg,preprocessed_dataset/6/3133355.npy,6,512,512
3133359.jpg,dataset/6/3133359.jpg,preprocessed_dataset/6/3133359.npy,6,512,512
3133383.jpg,dataset/6/3133383.jpg,preprocessed_dataset/6/3133383.npy,6,512,512
3133370.jpg,dataset/6/3133370.jpg,preprocessed_dataset/6/3133370.npy,6,512,512
3133375.jpg,dataset/6/3133375.jpg,preprocessed_dataset/6/3133375.npy,6,512,512
3133374.jpg,dataset/6/3133374.jpg,preprocessed_dataset/6/3133374.npy,6,512,512
3133382.jpg,dataset/6/3133382.jpg,preprocessed_dataset/6/3133382.npy,6,512,512
3133373.jpg,dataset/6/3133373.jpg,preprocessed_dataset/6/3133373.npy,6,512,512
3133369.jpg,dataset/6/3133369.jpg,preprocessed_dataset/6/3133369.npy,6,512,512
3133371.jpg,dataset/6/3133371.jpg,preprocessed_dataset/6/3133371.npy,6,512,512
3133367.jpg,dataset/6/3133367.jpg,preprocessed_dataset/6/3133367.npy,6,512,512
3133361.jpg,dataset/6/3133361.jpg,preprocessed_dataset/6/3133361.npy,6,512,512
3133606.jpg,dataset/13/3133606.jpg,preprocessed_dataset/13/3133606.npy,13,512,512
3133594.jpg,dataset/13/3133594.jpg,preprocessed_dataset/13/3133594.npy,13,512,512
3133609.jpg,dataset/13/3133609.jpg,preprocessed_dataset/13/3133609.npy,13,512,512
3133596.jpg,dataset/13/3133596.jpg,preprocessed_dataset/13/3133596.npy,13,512,512
3133588.jpg,dataset/13/3133588.jpg,preprocessed_dataset/13/3133588.npy,13,512,512
3133586.jpg,dataset/13/3133586.jpg,preprocessed_dataset/13/3133586.npy,13,512,512
3133590.jpg,dataset/13/3133590.jpg,preprocessed_dataset/13/3133590.npy,13,512,512
3133611.jpg,dataset/13/3133611.jpg,preprocessed_dataset/13/3133611.npy,13,512,512
3133607.jpg,dataset/13/3133607.jpg,preprocessed_dataset/13/3133607.npy,13,512,512
3133582.jpg,dataset/13/3133582.jpg,preprocessed_dataset/13/3133582.npy,13,512,512
3133612.jpg,dataset/13/3133612.jpg,preprocessed_dataset/13/3133612.npy,13,512,512
3133585.jpg,dataset/13/3133585.jpg,preprocessed_dataset/13/3133585.npy,13,512,512
3133578.jpg,dataset/13/3133578.jpg,preprocessed_dataset/13/3133578.npy,13,512,512
3133593.jpg,dataset/13/3133593.jpg,preprocessed_dataset/13/3133593.npy,13,512,512
3133597.jpg,dataset/13/3133597.jpg,preprocessed_dataset/13/3133597.npy,13,512,512
3133589.jpg,dataset/13/3133589.jpg,preprocessed_dataset/13/3133589.npy,13,512,512
3133602.jpg,dataset/13/3133602.jpg,preprocessed_dataset/13/3133602.npy,13,512,512
3133604.jpg,dataset/13/3133604.jpg,preprocessed_dataset/13/3133604.npy,13,512,512
3133580.jpg,dataset/13/3133580.jpg,preprocessed_dataset/13/3133580.npy,13,512,512
3133595.jpg,dataset/13/3133595.jpg,preprocessed_dataset/13/3133595.npy,13,512,512
3133603.jpg,dataset/13/3133603.jpg,preprocessed_dataset/13/3133603.npy,13,512,512
3133591.jpg,dataset/13/3133591.jpg,preprocessed_dataset/13/3133591.npy,13,512,512
3133598.jpg,dataset/13/3133598.jpg,preprocessed_dataset/13/3133598.npy,13,512,512
3133610.jpg,dataset/13/3133610.jpg,preprocessed_dataset/13/3133610.npy,13,512,512
3133584.jpg,dataset/13/3133584.jpg,preprocessed_dataset/13/3133584.npy,13,512,512
3133581.jpg,dataset/13/3133581.jpg,preprocessed_dataset/13/3133581.npy,13,512,512
3133605.jpg,dataset/13/3133605.jpg,preprocessed_dataset/13/3133605.npy,13,512,512
3133583.jpg,dataset/13/3133583.jpg,preprocessed_dataset/13/3133583.npy,13,512,512
3133599.jpg,dataset/13/3133599.jpg,preprocessed_dataset/13/3133599.npy,13,512,512
3133600.jpg,dataset/13/3133600.jpg,preprocessed_dataset/13/3133600.npy,13,512,512
3133587.jpg,dataset/13/3133587.jpg,preprocessed_dataset/13/3133587.npy,13,512,512
3133608.jpg,dataset/13/3133608.jpg,preprocessed_dataset/13/3133608.npy,13,512,512
3133579.jpg,dataset/13/3133579.jpg,preprocessed_dataset/13/3133579.npy,13,512,512
3133592.jpg,dataset/13/3133592.jpg,preprocessed_dataset/13/3133592.npy,13,512,512
3133601.jpg,dataset/13/3133601.jpg,preprocessed_dataset/13/3133601.npy,13,512,512
3133410.jpg,dataset/8/3133410.jpg,preprocessed_dataset/8/3133410.npy,8,512,512
3133433.jpg,dataset/8/3133433.jpg,preprocessed_dataset/8/3133433.npy,8,512,512
3133441.jpg,dataset/8/3133441.jpg,preprocessed_dataset/8/3133441.npy,8,512,512
3133416.jpg,dataset/8/3133416.jpg,preprocessed_dataset/8/3133416.npy,8,512,512
3133419.jpg,dataset/8/3133419.jpg,preprocessed_dataset/8/3133419.npy,8,512,512
3133438.jpg,dataset/8/3133438.jpg,preprocessed_dataset/8/3133438.npy,8,512,512
3133423.jpg,dataset/8/3133423.jpg,preprocessed_dataset/8/3133423.npy,8,512,512
3133407.jpg,dataset/8/3133407.jpg,preprocessed_dataset/8/3133407.npy,8,512,512
3133446.jpg,dataset/8/3133446.jpg,preprocessed_dataset/8/3133446.npy,8,512,512
3133417.jpg,dataset/8/3133417.jpg,preprocessed_dataset/8/3133417.npy,8,512,512
3133425.jpg,dataset/8/3133425.jpg,preprocessed_dataset/8/3133425.npy,8,512,512
3133430.jpg,dataset/8/3133430.jpg,preprocessed_dataset/8/3133430.npy,8,512,512
3133449.jpg,dataset/8/3133449.jpg,preprocessed_dataset/8/3133449.npy,8,512,512
3133444.jpg,dataset/8/3133444.jpg,preprocessed_dataset/8/3133444.npy,8,512,512
3133422.jpg,dataset/8/3133422.jpg,preprocessed_dataset/8/3133422.npy,8,512,512
3133442.jpg,dataset/8/3133442.jpg,preprocessed_dataset/8/3133442.npy,8,512,512
3133432.jpg,dataset/8/3133432.jpg,preprocessed_dataset/8/3133432.npy,8,512,512
3133412.jpg,dataset/8/3133412.jpg,preprocessed_dataset/8/3133412.npy,8,512,512
3133448.jpg,dataset/8/3133448.jpg,preprocessed_dataset/8/3133448.npy,8,512,512
3133427.jpg,dataset/8/3133427.jpg,preprocessed_dataset/8/3133427.npy,8,512,512
3133421.jpg,dataset/8/3133421.jpg,preprocessed_dataset/8/3133421.npy,8,512,512
3133431.jpg,dataset/8/3133431.jpg,preprocessed_dataset/8/3133431.npy,8,512,512
3133426.jpg,dataset/8/3133426.jpg,preprocessed_dataset/8/3133426.npy,8,512,512
3133424.jpg,dataset/8/3133424.jpg,preprocessed_dataset/8/3133424.npy,8,512,512
3133420.jpg,dataset/8/3133420.jpg,preprocessed_dataset/8/3133420.npy,8,512,512
3133435.jpg,dataset/8/3133435.jpg,preprocessed_dataset/8/3133435.npy,8,512,512
3133443.jpg,dataset/8/3133443.jpg,preprocessed_dataset/8/3133443.npy,8,512,512
3133450.jpg,dataset/8/3133450.jpg,preprocessed_dataset/8/3133450.npy,8,512,512
3133439.jpg,dataset/8/3133439.jpg,preprocessed_dataset/8/3133439.npy,8,512,512
3133413.jpg,dataset/8/3133413.jpg,preprocessed_dataset/8/3133413.npy,8,512,512
3133415.jpg,dataset/8/3133415.jpg,preprocessed_dataset/8/3133415.npy,8,512,512
3133436.jpg,dataset/8/3133436.jpg,preprocessed_dataset/8/3133436.npy,8,512,512
3133409.jpg,dataset/8/3133409.jpg,preprocessed_dataset/8/3133409.npy,8,512,512
3133451.jpg,dataset/8/3133451.jpg,preprocessed_dataset/8/3133451.npy,8,512,512
3133418.jpg,dataset/8/3133418.jpg,preprocessed_dataset/8/3133418.npy,8,512,512
3133445.jpg,dataset/8/3133445.jpg,preprocessed_dataset/8/3133445.npy,8,512,512
3133440.jpg,dataset/8/3133440.jpg,preprocessed_dataset/8/3133440.npy,8,512,512
3133434.jpg,dataset/8/3133434.jpg,preprocessed_dataset/8/3133434.npy,8,512,512
3133408.jpg,dataset/8/3133408.jpg,preprocessed_dataset/8/3133408.npy,8,512,512
3133447.jpg,dataset/8/3133447.jpg,preprocessed_dataset/8/3133447.npy,8,512,512
3133428.jpg,dataset/8/3133428.jpg,preprocessed_dataset/8/3133428.npy,8,512,512
3133437.jpg,dataset/8/3133437.jpg,preprocessed_dataset/8/3133437.npy,8,512,512
3133414.jpg,dataset/8/3133414.jpg,preprocessed_dataset/8/3133414.npy,8,512,512
3133429.jpg,dataset/8/3133429.jpg,preprocessed_dataset/8/3133429.npy,8,512,512
3133411.jpg,dataset/8/3133411.jpg,preprocessed_dataset/8/3133411.npy,8,512,512
3133709.jpg,dataset/16/3133709.jpg,preprocessed_dataset/16/3133709.npy,16,512,512
3133728.jpg,dataset/16/3133728.jpg,preprocessed_dataset/16/3133728.npy,16,512,512
3133708.jpg,dataset/16/3133708.jpg,preprocessed_dataset/16/3133708.npy,16,512,512
3133725.jpg,dataset/16/3133725.jpg,preprocessed_dataset/16/3133725.npy,16,512,512
3133705.jpg,dataset/16/3133705.jpg,preprocessed_dataset/16/3133705.npy,16,512,512
3133714.jpg,dataset/16/3133714.jpg,preprocessed_dataset/16/3133714.npy,16,512,512
3133703.jpg,dataset/16/3133703.jpg,preprocessed_dataset/16/3133703.npy,16,512,512
3133713.jpg,dataset/16/3133713.jpg,preprocessed_dataset/16/3133713.npy,16,512,512
3133712.jpg,dataset/16/3133712.jpg,preprocessed_dataset/16/3133712.npy,16,512,512
3133710.jpg,dataset/16/3133710.jpg,preprocessed_dataset/16/3133710.npy,16,512,512
3133736.jpg,dataset/16/3133736.jpg,preprocessed_dataset/16/3133736.npy,16,512,512
3133704.jpg,dataset/16/3133704.jpg,preprocessed_dataset/16/3133704.npy,16,512,512
3133735.jpg,dataset/16/3133735.jpg,preprocessed_dataset/16/3133735.npy,16,512,512
3133707.jpg,dataset/16/3133707.jpg,preprocessed_dataset/16/3133707.npy,16,512,512
3133724.jpg,dataset/16/3133724.jpg,preprocessed_dataset/16/3133724.npy,16,512,512
3133715.jpg,dataset/16/3133715.jpg,preprocessed_dataset/16/3133715.npy,16,512,512
3133727.jpg,dataset/16/3133727.jpg,preprocessed_dataset/16/3133727.npy,16,512,512
3133722.jpg,dataset/16/3133722.jpg,preprocessed_dataset/16/3133722.npy,16,512,512
3133723.jpg,dataset/16/3133723.jpg,preprocessed_dataset/16/3133723.npy,16,512,512
3133719.jpg,dataset/16/3133719.jpg,preprocessed_dataset/16/3133719.npy,16,512,512
3133711.jpg,dataset/16/3133711.jpg,preprocessed_dataset/16/3133711.npy,16,512,512
3133718.jpg,dataset/16/3133718.jpg,preprocessed_dataset/16/3133718.npy,16,512,512
3133731.jpg,dataset/16/3133731.jpg,preprocessed_dataset/16/3133731.npy,16,512,512
3133717.jpg,dataset/16/3133717.jpg,preprocessed_dataset/16/3133717.npy,16,512,512
3133729.jpg,dataset/16/3133729.jpg,preprocessed_dataset/16/3133729.npy,16,512,512
3133716.jpg,dataset/16/3133716.jpg,preprocessed_dataset/16/3133716.npy,16,512,512
3133733.jpg,dataset/16/3133733.jpg,preprocessed_dataset/16/3133733.npy,16,512,512
3133720.jpg,dataset/16/3133720.jpg,preprocessed_dataset/16/3133720.npy,16,512,512
3133730.jpg,dataset/16/3133730.jpg,preprocessed_dataset/16/3133730.npy,16,512,512
3133734.jpg,dataset/16/3133734.jpg,preprocessed_dataset/16/3133734.npy,16,512,512
3133706.jpg,dataset/16/3133706.jpg,preprocessed_dataset/16/3133706.npy,16,512,512
3133732.jpg,dataset/16/3133732.jpg,preprocessed_dataset/16/3133732.npy,16,512,512
3133737.jpg,dataset/16/3133737.jpg,preprocessed_dataset/16/3133737.npy,16,512,512
3133721.jpg,dataset/16/3133721.jpg,preprocessed_dataset/16/3133721.npy,16,512,512
3133726.jpg,dataset/16/3133726.jpg,preprocessed_dataset/16/3133726.npy,16,512,512
3133306.jpg,dataset/5/3133306.jpg,preprocessed_dataset/5/3133306.npy,5,512,512
3133337.jpg,dataset/5/3133337.jpg,preprocessed_dataset/5/3133337.npy,5,512,512
3133324.jpg,dataset/5/3133324.jpg,preprocessed_dataset/5/3133324.npy,5,512,512
3133321.jpg,dataset/5/3133321.jpg,preprocessed_dataset/5/3133321.npy,5,512,512
3133340.jpg,dataset/5/3133340.jpg,preprocessed_dataset/5/3133340.npy,5,512,512
3133319.jpg,dataset/5/3133319.jpg,preprocessed_dataset/5/3133319.npy,5,512,512
3133314.jpg,dataset/5/3133314.jpg,preprocessed_dataset/5/3133314.npy,5,512,512
3133313.jpg,dataset/5/3133313.jpg,preprocessed_dataset/5/3133313.npy,5,512,512
3133309.jpg,dataset/5/3133309.jpg,preprocessed_dataset/5/3133309.npy,5,512,512
3133323.jpg,dataset/5/3133323.jpg,preprocessed_dataset/5/3133323.npy,5,512,512
3133295.jpg,dataset/5/3133295.jpg,preprocessed_dataset/5/3133295.npy,5,512,512
3133336.jpg,dataset/5/3133336.jpg,preprocessed_dataset/5/3133336.npy,5,512,512
3133330.jpg,dataset/5/3133330.jpg,preprocessed_dataset/5/3133330.npy,5,512,512
3133310.jpg,dataset/5/3133310.jpg,preprocessed_dataset/5/3133310.npy,5,512,512
3133334.jpg,dataset/5/3133334.jpg,preprocessed_dataset/5/3133334.npy,5,512,512
3133327.jpg,dataset/5/3133327.jpg,preprocessed_dataset/5/3133327.npy,5,512,512
3133325.jpg,dataset/5/3133325.jpg,preprocessed_dataset/5/3133325.npy,5,512,512
3133329.jpg,dataset/5/3133329.jpg,preprocessed_dataset/5/3133329.npy,5,512,512
3133316.jpg,dataset/5/3133316.jpg,preprocessed_dataset/5/3133316.npy,5,512,512
3133301.jpg,dataset/5/3133301.jpg,preprocessed_dataset/5/3133301.npy,5,512,512
3133318.jpg,dataset/5/3133318.jpg,preprocessed_dataset/5/3133318.npy,5,512,512
3133298.jpg,dataset/5/3133298.jpg,preprocessed_dataset/5/3133298.npy,5,512,512
3133326.jpg,dataset/5/3133326.jpg,preprocessed_dataset/5/3133326.npy,5,512,512
3133297.jpg,dataset/5/3133297.jpg,preprocessed_dataset/5/3133297.npy,5,512,512
3133332.jpg,dataset/5/3133332.jpg,preprocessed_dataset/5/3133332.npy,5,512,512
3133302.jpg,dataset/5/3133302.jpg,preprocessed_dataset/5/3133302.npy,5,512,512
3133299.jpg,dataset/5/3133299.jpg,preprocessed_dataset/5/3133299.npy,5,512,512
3133331.jpg,dataset/5/3133331.jpg,preprocessed_dataset/5/3133331.npy,5,512,512
3133303.jpg,dataset/5/3133303.jpg,preprocessed_dataset/5/3133303.npy,5,512,512
3133333.jpg,dataset/5/3133333.jpg,preprocessed_dataset/5/3133333.npy,5,512,512
3133311.jpg,dataset/5/3133311.jpg,preprocessed_dataset/5/3133311.npy,5,512,512
3133339.jpg,dataset/5/3133339.jpg,preprocessed_dataset/5/3133339.npy,5,512,512
3133305.jpg,dataset/5/3133305.jpg,preprocessed_dataset/5/3133305.npy,5,512,512
3133317.jpg,dataset/5/3133317.jpg,preprocessed_dataset/5/3133317.npy,5,512,512
3133307.jpg,dataset/5/3133307.jpg,preprocessed_dataset/5/3133307.npy,5,512,512
3133335.jpg,dataset/5/3133335.jpg,preprocessed_dataset/5/3133335.npy,5,512,512
3133300.jpg,dataset/5/3133300.jpg,preprocessed_dataset/5/3133300.npy,5,512,512
3133320.jpg,dataset/5/3133320.jpg,preprocessed_dataset/5/3133320.npy,5,512,512
3133322.jpg,dataset/5/3133322.jpg,preprocessed_dataset/5/3133322.npy,5,512,512
3133341.jpg,dataset/5/3133341.jpg,preprocessed_dataset/5/3133341.npy,5,512,512
3133308.jpg,dataset/5/3133308.jpg,preprocessed_dataset/5/3133308.npy,5,512,512
3133338.jpg,dataset/5/3133338.jpg,preprocessed_dataset/5/3133338.npy,5,512,512
3133328.jpg,dataset/5/3133328.jpg,preprocessed_dataset/5/3133328.npy,5,512,512
3133315.jpg,dataset/5/3133315.jpg,preprocessed_dataset/5/3133315.npy,5,512,512
3133312.jpg,dataset/5/3133312.jpg,preprocessed_dataset/5/3133312.npy,5,512,512
3133344.jpg,dataset/5/3133344.jpg,preprocessed_dataset/5/3133344.npy,5,512,512
3133304.jpg,dataset/5/3133304.jpg,preprocessed_dataset/5/3133304.npy,5,512,512
3133296.jpg,dataset/5/3133296.jpg,preprocessed_dataset/5/3133296.npy,5,512,512
3133342.jpg,dataset/5/3133342.jpg,preprocessed_dataset/5/3133342.npy,5,512,512
3133343.jpg,dataset/5/3133343.jpg,preprocessed_dataset/5/3133343.npy,5,512,512
